Comment_ID,Submission_Date,Submitter_Type,Section_Referenced,Sentiment,Rating,Comment
CMT-001,2026-06-19,Individual Citizen,Section 4 – Data Subject Rights,Positive,5/5,The inclusion of all six data subject rights is a major step forward for citizen protection. I suggest the government also add a dedicated helpline so citizens can easily exercise these rights without needing legal assistance.
CMT-002,2026-06-19,Private Sector (Tech Company),Section 5.3 – Data Breach Notification,Negative,2/5,"The 72-hour breach notification window is unworkable for large enterprises where breach investigation alone can take several days. This risks forcing companies to notify regulators before they fully understand the scope, potentially triggering unnecessary public panic."
CMT-003,2026-06-20,Civil Society Organization,Section 7 – National Data Protection Authority,Mixed,3/5,"Creating the NDPA is welcome, but presidential appointment of the Commissioner raises independence concerns. A multi-stakeholder selection panel including civil society and academia would significantly strengthen the authority's credibility."
CMT-004,2026-06-20,Academic Institution,Section 3.2 – Exclusions,Negative,2/5,Completely excluding national security data processing from this policy creates a dangerous accountability gap with no oversight mechanism. We urge the Ministry to introduce at minimum a judicial authorization requirement for surveillance-related data access.
CMT-005,2026-06-21,Individual Citizen,Section 6 – Cross-Border Data Transfers,Positive,4/5,"Data localization for critical infrastructure is a sensible and necessary safeguard for national sovereignty. It would help to publish a clear, regularly updated schedule defining exactly which categories qualify as strategically sensitive."
CMT-006,2026-06-21,Small Business Owner,Section 8 – Penalties & Enforcement,Negative,1/5,Applying a 4% global turnover fine equally to a small shop and a multinational corporation is deeply unfair and could put local businesses out of existence for minor violations. The penalty framework must include proportional caps for micro and small enterprises.
CMT-007,2026-06-22,Healthcare Provider,Section 5.1 – Lawful Basis for Processing,Mixed,3/5,"Requiring explicit consent for every data use in emergency healthcare settings is clinically dangerous and operationally impossible. A specific carve-out for patient safety processing, with robust governance controls, must be added before this policy takes effect."
CMT-008,2026-06-22,Individual Citizen,General / Overall Policy,Positive,5/5,This is a comprehensive and well-structured policy that genuinely reflects international best practices. I strongly recommend producing a plain-language summary in all national languages so that everyday citizens can understand and exercise their rights.
CMT-009,2026-06-23,Legal Professional,Section 4 – Data Subject Rights,Mixed,3/5,"The right to data portability is defined too narrowly and excludes inferred or derived data such as credit scores and behavioural profiles. The policy should explicitly clarify whether portability applies to these AI-generated data products, which are increasingly consequential."
CMT-010,2026-06-24,Civil Society Organization,Section 9 – Implementation Timeline,Negative,2/5,A 180-day window to establish the NDPA means major data brokers will continue operating without oversight for six more months. An interim enforcement committee with temporary powers should be convened within 60 days to fill this regulatory vacuum.
CMT-011,2026-06-24,Private Sector (Financial Services),Section 5.2 – Privacy by Design,Positive,4/5,The privacy-by-design mandate is forward-thinking and aligns with global standards we already follow internally. We recommend the NDPA publish sector-specific implementation guides and establish a voluntary certification scheme to reward compliant organizations.
CMT-012,2026-06-25,Technology Researcher,Section 6 – Cross-Border Data Transfers,Mixed,3/5,Broad data localization mandates risk isolating the national digital economy and raising infrastructure costs for local startups that depend on global cloud providers. The policy should prioritize adequacy agreements with key trading partners as the primary mechanism for safe data flows.
CMT-013,2026-06-25,Individual Citizen,Section 10 – How to Submit Comments,Positive,4/5,"The 60-day consultation period is reasonable, though I hope the government publishes a detailed response report that addresses specific themes raised by citizens. Transparency about how public feedback shapes the final policy is essential to building public trust."
CMT-014,2026-06-26,Education Sector,Section 3.1 – Entities Covered,Mixed,3/5,"Schools process significant volumes of children's data, yet the policy offers no enhanced protections for minors. A prohibition on behavioural profiling of under-18s and stricter parental consent requirements should be added as a dedicated section."
CMT-015,2026-06-27,Private Sector (E-Commerce),Section 8 – Penalties & Enforcement,Negative,2/5,"Criminal sanctions of up to five years imprisonment conflate honest administrative errors with deliberate fraud, which will deter foreign investment and capable executives. These sanctions should be reserved strictly for cases of proven willful misconduct or systematic data abuse."
CMT-016,2026-06-28,Individual Citizen,Section 7 – National Data Protection Authority,Positive,5/5,Having a regulator with real investigative and financial enforcement powers is exactly what citizens have been demanding. I would also like to see a real-time public portal where citizens can track the status of their complaints without needing a lawyer.
CMT-017,2026-06-28,Non-Governmental Organization,General / Overall Policy,Mixed,3/5,"The policy is a solid foundation but fails to address algorithmic decision-making, which increasingly affects citizens in areas like credit, hiring, and social benefits. A right to meaningful human review of automated decisions must be added before the policy is enacted."
CMT-018,2026-06-29,Journalist / Media,Section 3.2 – Exclusions,Negative,2/5,The public interest exception is worded so broadly that it could be weaponized to justify surveillance of journalists and their sources. The final policy must include explicit source confidentiality protections consistent with international press freedom standards.
CMT-019,2026-06-30,Private Sector (Telecom),Section 5.1 – Lawful Basis for Processing,Positive,4/5,The legitimate interest basis strikes a workable balance that allows responsible data use while protecting individuals from harm. We suggest the NDPA publish an annually updated list of recognized legitimate interest scenarios to help businesses self-assess their compliance.
CMT-020,2026-07-01,Individual Citizen,General / Overall Policy,Positive,5/5,This policy is a landmark moment for digital rights in our country and deserves strong public support. The government must back it with dedicated budget allocations and sufficient staffing for the NDPA so it does not become an underfunded paper tiger.
