id,comment
1,"I understand that attendance is important, but 85% is too strict for students who have genuine problems."
2,"There should be a medical exemption process for students who are sick or hospitalized."
3,"I support the attendance policy because many students skip classes without reason."
4,"Working students will suffer because some of us have part-time jobs to pay fees."
5,"The policy does not explain what happens if a teacher marks attendance incorrectly."
6,"There should be an appeal process before blocking a student from final exams."
7,"Students living far away face transport issues and sometimes cannot reach campus on time."
8,"The policy should include disability accommodations for students with health conditions."
9,"I agree that attendance improves discipline, but genuine emergency cases should be handled fairly."
10,"The university should define how attendance will be calculated and shared with students."
11,"If teachers cancel classes, students should not be penalized for attendance problems."
12,"Medical certificates should be accepted for serious illness."
13,"This policy may unfairly affect financially struggling students who work after classes."
14,"There should be a warning system before students are declared ineligible for exams."
15,"The policy is good for improving academic seriousness, but it needs flexibility."
16,"No one has explained whether students can challenge wrong attendance records."
17,"Students with long commute times need some reasonable consideration."
18,"The university should create an online attendance portal so students can track status."
19,"The policy does not mention mental health or long-term medical conditions."
20,"There should be a committee to review special cases before final exam restrictions."
21,"I support strict attendance, but the policy should not punish students with documented emergencies."
22,"The attendance rule should include clear deadlines for submitting appeals."
23,"This policy feels incomplete because it only mentions punishment, not student support."
24,"Students should receive monthly attendance reports so they can fix issues early."
25,"The policy should clearly mention who will approve exemptions and how long the process takes."